{"mean_knee": [-3.4329210403703465, -3.5401596238159776, -3.6530032102202603, -3.7769370029100555, -3.9131904629576817, -4.056684791858695, -4.215873199844505, -4.407713994817551, -4.633843375230776, -4.890554591902706, -5.180459013993559, -5.496475539714056, -5.835030386584896, -6.191091307404146, -6.5550377445002015, -6.9286661560958756, -7.312278096553609, -7.703054106676923, -8.096527712455124, -8.489159918211065, -8.8812561254212, -9.266645823145865, -9.642531510500868, -10.012774053876655, -10.369716151189694, -10.714162123777351, -11.044067394970062, -11.352036841034648, -11.640344553078856, -11.907034848944722, -12.154050941331976, -12.373580723872292, -12.573980413303644, -12.746922105408357, -12.891619676018394, -13.01507697702136, -13.111500617944838, -13.1834755206424, -13.236615007225636, -13.269889889101016, -13.28533736857176, -13.287317293362054, -13.278238926126814, -13.257280482061233, -13.228940110167272, -13.19199755289164, -13.150110709151887, -13.105754857064131, -13.049120579937693, -12.99264299685661, -12.930064018155395, -12.862169562104722, -12.796938188575883, -12.722597601705102, -12.646631483136842, -12.570000929810766, -12.488654736117716, -12.400943518722256, -12.308159739422495, -12.204995544219218, -12.095097896379325, -11.981237594085771, -11.860184981655173, -11.736261680548305, -11.607294470388679, -11.477075903780264, -11.341947779034285, -11.203033720259516, -11.056326076023531, -10.90767119904084, -10.745098908505385, -10.579586174415303, -10.399294763745754, -10.213104652336943, -10.025665131695488, -9.828544137230477, -9.62974971977749, -9.42596416816317, -9.210679378934115, -8.985973970678799, -8.75758650772334, -8.5136759410304, -8.259570334524792, -7.991983295549767, -7.7179527034458335, -7.434797114098003, -7.145278154649186, -6.846861223150999, -6.539879324441114, -6.238242255737783, -5.948267219809653, -5.675089299296012, -5.414366955909345, -5.185021731996197, -5.000248744258398, -4.849144052936237, -4.702075669878271, -4.562405079238355, -4.4361167442615095, -4.317963787489817], "threshold_deg": 12.452619903461073, "avg_mad": 16.603493204614765, "n_strides": 47}